Lifetime_Gross_Rank,Movie_Title,Lifetime_Gross,Domestic_Distributor,Budget,MPAA,Running_Time_Minutes,Genres
1.0,Avengers: Endgame ,2797800000.0,Walt Disney Studios Motion Pictures,356000000.0,PG-13,181.0,Action Adventure Drama Sci-Fi
2.0,Avatar ,2790440000.0,Twentieth Century Fox,237000000.0,PG-13,162.0,Action Adventure Fantasy Sci-Fi
3.0,Titanic ,2194440000.0,Paramount Pictures,200000000.0,PG-13,194.0,Drama Romance
4.0,Star Wars: Episode VII - The Force Awakens ,2068220000.0,Walt Disney Studios Motion Pictures,245000000.0,PG-13,138.0,Action Adventure Sci-Fi
5.0,Avengers: Infinity War ,2048360000.0,Walt Disney Studios Motion Pictures,,PG-13,149.0,Action Adventure Sci-Fi
6.0,Jurassic World ,1670400000.0,Universal Pictures,150000000.0,PG-13,124.0,Action Adventure Sci-Fi
7.0,The Lion King ,1656940000.0,Walt Disney Studios Motion Pictures,260000000.0,PG,118.0,Adventure Animation Drama Family Musical
8.0,The Avengers ,1518810000.0,Walt Disney Studios Motion Pictures,220000000.0,PG-13,143.0,Action Adventure Sci-Fi
9.0,Furious 7 ,1515050000.0,Universal Pictures,190000000.0,PG-13,137.0,Action Adventure Thriller
10.0,Frozen II ,1420800000.0,Walt Disney Studios Motion Pictures,,PG,103.0,Adventure Animation Comedy Family Fantasy Musical
11.0,Avengers: Age of Ultron ,1402810000.0,Walt Disney Studios Motion Pictures,250000000.0,PG-13,141.0,Action Adventure Sci-Fi
12.0,Black Panther ,1346910000.0,Walt Disney Studios Motion Pictures,,PG-13,134.0,Action Adventure Sci-Fi
13.0,Harry Potter and the Deathly Hallows: Part 2 ,1341930000.0,Warner Bros.,,PG-13,130.0,Adventure Drama Fantasy Mystery
14.0,Star Wars: Episode VIII - The Last Jedi ,1332540000.0,Walt Disney Studios Motion Pictures,317000000.0,PG-13,152.0,Action Adventure Fantasy Sci-Fi
15.0,Jurassic World: Fallen Kingdom ,1308470000.0,Universal Pictures,170000000.0,PG-13,128.0,Action Adventure Sci-Fi
16.0,Frozen ,1280800000.0,Walt Disney Studios Motion Pictures,150000000.0,PG,102.0,Adventure Animation Comedy Family Fantasy Musical
17.0,Beauty and the Beast ,1263520000.0,Walt Disney Studios Motion Pictures,160000000.0,PG,129.0,Family Fantasy Musical Romance
18.0,Incredibles 2 ,1242810000.0,Walt Disney Studios Motion Pictures,,PG,118.0,Action Adventure Animation Comedy Family Sci-Fi
19.0,The Fate of the Furious ,1236010000.0,Universal Pictures,250000000.0,PG-13,136.0,Action Adventure Thriller
20.0,Iron Man 3 ,1214810000.0,Walt Disney Studios Motion Pictures,200000000.0,PG-13,130.0,Action Adventure Sci-Fi
21.0,Minions ,1159400000.0,Universal Pictures,74000000.0,PG,91.0,Adventure Animation Comedy Family Sci-Fi
22.0,Captain America: Civil War ,1153300000.0,Walt Disney Studios Motion Pictures,250000000.0,PG-13,147.0,Action Adventure Sci-Fi
23.0,Aquaman ,1148160000.0,Warner Bros.,,PG-13,143.0,Action Adventure Fantasy Sci-Fi
24.0,The Lord of the Rings: The Return of the King ,1142220000.0,New Line Cinema,94000000.0,PG-13,201.0,Adventure Drama Fantasy
25.0,Spider-Man: Far from Home ,1131930000.0,Sony Pictures Releasing,160000000.0,PG-13,129.0,Action Adventure Sci-Fi
26.0,Captain Marvel ,1128270000.0,Walt Disney Studios Motion Pictures,,PG-13,123.0,Action Adventure Sci-Fi
27.0,Transformers: Dark of the Moon ,1123790000.0,DreamWorks,195000000.0,PG-13,154.0,Action Adventure Sci-Fi
28.0,Skyfall ,1108560000.0,Sony Pictures Releasing,200000000.0,PG-13,143.0,Action Adventure Thriller
29.0,Transformers: Age of Extinction ,1104050000.0,Paramount Pictures,210000000.0,PG-13,165.0,Action Adventure Sci-Fi
30.0,The Dark Knight Rises ,1081040000.0,Warner Bros.,250000000.0,PG-13,164.0,Action Adventure Fantasy Thriller
31.0,Toy Story 4 ,1073390000.0,Walt Disney Studios Motion Pictures,,G,100.0,Adventure Animation Comedy Family Fantasy
32.0,Joker ,1071050000.0,Warner Bros.,55000000.0,R,122.0,Crime Drama Thriller
33.0,Toy Story 3 ,1066970000.0,Walt Disney Studios Motion Pictures,200000000.0,,103.0,Adventure Animation Comedy Family Fantasy
34.0,Pirates of the Caribbean: Dead Man's Chest ,1066180000.0,Walt Disney Studios Motion Pictures,225000000.0,PG-13,151.0,Action Adventure Fantasy
35.0,Rogue One: A Star Wars Story ,1056060000.0,Walt Disney Studios Motion Pictures,200000000.0,PG-13,133.0,Action Adventure Sci-Fi
36.0,Aladdin ,1050690000.0,Walt Disney Studios Motion Pictures,183000000.0,PG,128.0,Adventure Family Fantasy Musical Romance
37.0,Star Wars: Episode IX - The Rise of Skywalker ,1048440000.0,Walt Disney Studios Motion Pictures,,PG-13,142.0,Action Adventure Fantasy Sci-Fi
38.0,Pirates of the Caribbean: On Stranger Tides ,1045710000.0,Walt Disney Studios Motion Pictures,250000000.0,PG-13,136.0,Action Adventure Fantasy
39.0,Despicable Me 3 ,1034800000.0,Universal Pictures,80000000.0,PG,89.0,Adventure Animation Comedy Family Fantasy Sci-Fi
40.0,Jurassic Park ,1032020000.0,Universal Pictures,63000000.0,PG-13,127.0,Action Adventure Sci-Fi Thriller
41.0,Finding Dory ,1028570000.0,Walt Disney Studios Motion Pictures,,PG,97.0,Adventure Animation Comedy Family
42.0,Star Wars: Episode I - The Phantom Menace ,1027080000.0,Twentieth Century Fox,115000000.0,PG,136.0,Action Adventure Fantasy Sci-Fi
43.0,Alice in Wonderland ,1025470000.0,Walt Disney Studios Motion Pictures,200000000.0,PG,108.0,Adventure Family Fantasy
44.0,Zootopia ,1023780000.0,Walt Disney Studios Motion Pictures,,PG,108.0,Adventure Animation Comedy Crime Family Mystery
45.0,The Hobbit: An Unexpected Journey ,1017000000.0,Warner Bros.,,PG-13,169.0,Adventure Family Fantasy
46.0,The Dark Knight ,1004930000.0,Warner Bros.,185000000.0,PG-13,152.0,Action Crime Drama Thriller
47.0,Harry Potter and the Sorcerer's Stone ,978088000.0,Warner Bros.,125000000.0,PG,152.0,Adventure Family Fantasy
48.0,Harry Potter and the Deathly Hallows: Part 1 ,976920000.0,Warner Bros.,,PG-13,146.0,Adventure Family Fantasy Mystery
49.0,Despicable Me 2 ,970766000.0,Universal Pictures,76000000.0,PG,98.0,Adventure Animation Comedy Family Fantasy Sci-Fi
50.0,The Lion King ,968512000.0,Walt Disney Studios Motion Pictures,45000000.0,G,88.0,Adventure Animation Drama Family Musical
51.0,The Jungle Book ,966551000.0,Walt Disney Studios Motion Pictures,175000000.0,PG,106.0,Adventure Drama Family Fantasy
52.0,Jumanji: Welcome to the Jungle ,962102000.0,Sony Pictures Releasing,90000000.0,PG-13,119.0,Action Adventure Comedy Fantasy
53.0,Pirates of the Caribbean: At World's End ,960996000.0,Walt Disney Studios Motion Pictures,300000000.0,PG-13,169.0,Action Adventure Fantasy
54.0,The Hobbit: The Desolation of Smaug ,958367000.0,Warner Bros.,,PG-13,161.0,Adventure Fantasy
55.0,The Hobbit: The Battle of the Five Armies ,956020000.0,Warner Bros.,,PG-13,144.0,Adventure Fantasy
56.0,The Lord of the Rings: The Two Towers ,951208000.0,New Line Cinema,94000000.0,PG-13,179.0,Adventure Drama Fantasy
57.0,Harry Potter and the Order of the Phoenix ,942044000.0,Warner Bros.,150000000.0,PG-13,138.0,Action Adventure Family Fantasy Mystery
58.0,Finding Nemo ,940343000.0,Walt Disney Studios Motion Pictures,94000000.0,,100.0,Adventure Animation Comedy Family
59.0,Harry Potter and the Half-Blood Prince ,934326000.0,Warner Bros.,250000000.0,PG,153.0,Action Adventure Family Fantasy Mystery
60.0,Shrek 2 ,928761000.0,DreamWorks Distribution,150000000.0,PG,93.0,Adventure Animation Comedy Family Fantasy Romance
61.0,Bohemian Rhapsody ,903655000.0,Twentieth Century Fox,52000000.0,PG-13,134.0,Biography Drama Music
62.0,Harry Potter and the Goblet of Fire ,896346000.0,Warner Bros.,150000000.0,PG-13,157.0,Adventure Family Fantasy Mystery
63.0,Spider-Man 3 ,894983000.0,Sony Pictures Releasing,258000000.0,PG-13,139.0,Action Sci-Fi
64.0,The Lord of the Rings: The Fellowship of the Ring ,887833000.0,New Line Cinema,93000000.0,PG-13,178.0,Adventure Drama Fantasy
65.0,Ice Age: Dawn of the Dinosaurs ,886687000.0,Twentieth Century Fox,90000000.0,PG,94.0,Adventure Animation Comedy Family
66.0,Spectre ,880675000.0,Sony Pictures Releasing,245000000.0,PG-13,148.0,Action Adventure Thriller
67.0,Spider-Man: Homecoming ,880167000.0,Sony Pictures Releasing,175000000.0,PG-13,133.0,Action Adventure Sci-Fi
68.0,Harry Potter and the Chamber of Secrets ,879466000.0,Warner Bros.,100000000.0,PG,161.0,Adventure Family Fantasy Mystery
69.0,Ice Age: Continental Drift ,877245000.0,Twentieth Century Fox,95000000.0,PG,88.0,Adventure Animation Comedy Drama Family Fantasy
70.0,The Secret Life of Pets ,875458000.0,Universal Pictures,75000000.0,PG,87.0,Adventure Animation Comedy Family
71.0,Batman v Superman: Dawn of Justice ,873635000.0,Warner Bros.,250000000.0,PG-13,151.0,Action Adventure Sci-Fi
72.0,Wolf Warrior 2 ,870325000.0,The H Collective,30100000.0,,123.0,Action Drama Thriller War
73.0,Star Wars: Episode III - Revenge of the Sith ,868391000.0,Twentieth Century Fox,113000000.0,PG-13,140.0,Action Adventure Fantasy Sci-Fi
74.0,The Hunger Games: Catching Fire ,865012000.0,Lionsgate,130000000.0,PG-13,146.0,Action Adventure Sci-Fi Thriller
75.0,Guardians of the Galaxy Vol. 2 ,863756000.0,Walt Disney Studios Motion Pictures,200000000.0,PG-13,136.0,Action Adventure Comedy Sci-Fi
76.0,Inside Out ,857611000.0,Walt Disney Studios Motion Pictures,175000000.0,PG,95.0,Adventure Animation Comedy Drama Family Fantasy
77.0,Venom ,856085000.0,Sony Pictures Releasing,100000000.0,PG-13,112.0,Action Sci-Fi Thriller
78.0,Thor: Ragnarok ,853977000.0,Walt Disney Studios Motion Pictures,180000000.0,PG-13,130.0,Action Adventure Comedy Fantasy Sci-Fi
79.0,Transformers: Revenge of the Fallen ,836304000.0,DreamWorks,200000000.0,PG-13,150.0,Action Adventure Sci-Fi
80.0,Inception ,829895000.0,Warner Bros.,160000000.0,PG-13,148.0,Action Adventure Sci-Fi Thriller
81.0,The Twilight Saga: Breaking Dawn - Part 2 ,829747000.0,Lionsgate,120000000.0,PG-13,115.0,Adventure Drama Fantasy Romance
82.0,Spider-Man ,825025000.0,Sony Pictures Releasing,139000000.0,PG-13,121.0,Action Adventure Sci-Fi
83.0,Wonder Woman ,821847000.0,Warner Bros.,149000000.0,PG-13,141.0,Action Adventure Fantasy Sci-Fi War
84.0,Independence Day ,817401000.0,Twentieth Century Fox,75000000.0,PG-13,145.0,Action Adventure Sci-Fi
85.0,Fantastic Beasts and Where to Find Them ,814038000.0,Warner Bros.,180000000.0,PG-13,132.0,Adventure Family Fantasy
86.0,Shrek the Third ,813367000.0,DreamWorks,160000000.0,PG,93.0,Adventure Animation Comedy Family Fantasy
87.0,Coco ,807082000.0,Walt Disney Studios Motion Pictures,,PG,105.0,Adventure Animation Family Fantasy Music Mystery
88.0,Harry Potter and the Prisoner of Azkaban ,796094000.0,Warner Bros.,130000000.0,PG,142.0,Adventure Family Fantasy Mystery
89.0,Pirates of the Caribbean: Dead Men Tell No Tales ,794862000.0,Walt Disney Studios Motion Pictures,230000000.0,PG-13,129.0,Action Adventure Fantasy
90.0,E.T. the Extra-Terrestrial ,793482000.0,Universal Pictures,10500000.0,PG,115.0,Family Sci-Fi
91.0,2012 ,791218000.0,Sony Pictures Releasing,200000000.0,PG-13,158.0,Action Adventure Sci-Fi
92.0,Mission: Impossible - Fallout ,791115000.0,Paramount Pictures,178000000.0,PG-13,147.0,Action Adventure Thriller
93.0,Indiana Jones and the Kingdom of the Crystal Skull ,790654000.0,Paramount Pictures,185000000.0,PG-13,122.0,Action Adventure
94.0,Spider-Man 2 ,788976000.0,Sony Pictures Releasing,200000000.0,PG-13,127.0,Action Adventure Sci-Fi
95.0,Fast & Furious 6 ,788680000.0,Universal Pictures,160000000.0,PG-13,130.0,Action Adventure Thriller
96.0,Deadpool 2 ,785794000.0,Twentieth Century Fox,110000000.0,R,119.0,Action Adventure Comedy Sci-Fi
97.0,Deadpool ,782612000.0,Twentieth Century Fox,58000000.0,R,108.0,Action Adventure Comedy Sci-Fi
98.0,Star Wars: Episode IV - A New Hope ,775512000.0,Twentieth Century Fox,11000000.0,PG,121.0,Action Adventure Fantasy Sci-Fi
99.0,Guardians of the Galaxy ,772777000.0,Walt Disney Studios Motion Pictures,170000000.0,PG-13,121.0,Action Adventure Comedy Sci-Fi
100.0,The Da Vinci Code ,760007000.0,Sony Pictures Releasing,125000000.0,PG-13,149.0,Action Mystery Thriller
101.0,Fast & Furious Presents: Hobbs & Shaw ,758910000.0,Universal Pictures,200000000.0,,137.0,Action Adventure
102.0,Maleficent ,758410000.0,Walt Disney Studios Motion Pictures,180000000.0,PG,97.0,Action Adventure Family Fantasy Romance
103.0,The Amazing Spider-Man ,757931000.0,Sony Pictures Releasing,230000000.0,PG-13,136.0,Action Sci-Fi
104.0,The Hunger Games: Mockingjay - Part 1 ,755357000.0,Lionsgate,125000000.0,PG-13,123.0,Action Adventure Sci-Fi Thriller
105.0,Shrek Forever After ,752601000.0,DreamWorks,165000000.0,PG,93.0,Adventure Animation Comedy Family Fantasy Romance
106.0,Madagascar 3: Europe's Most Wanted ,746921000.0,DreamWorks,145000000.0,PG,93.0,Adventure Animation Comedy Family
107.0,Suicide Squad ,746847000.0,Warner Bros.,175000000.0,PG-13,123.0,Action Adventure Fantasy Sci-Fi
108.0,X-Men: Days of Future Past ,746046000.0,Twentieth Century Fox,200000000.0,PG-13,132.0,Action Adventure Sci-Fi Thriller
109.0,"The Chronicles of Narnia: The Lion, the Witch and the Wardrobe ",745013000.0,Walt Disney Studios Motion Pictures,180000000.0,PG,143.0,Adventure Family Fantasy
110.0,Monsters University ,743560000.0,Walt Disney Studios Motion Pictures,,G,104.0,Adventure Animation Comedy Family Fantasy
111.0,The Matrix Reloaded ,741846000.0,Warner Bros.,150000000.0,R,138.0,Action Sci-Fi
112.0,Jumanji: The Next Level ,739354000.0,Sony Pictures Releasing,125000000.0,PG-13,123.0,Action Adventure Comedy Fantasy
113.0,Up ,735099000.0,Walt Disney Studios Motion Pictures,175000000.0,PG,96.0,Adventure Animation Comedy Family
114.0,Ne Zha ,726063000.0,Well Go USA Entertainment,,,110.0,Action Adventure Animation Family Fantasy Thriller
115.0,Gravity ,723193000.0,Warner Bros.,100000000.0,PG-13,91.0,Drama Sci-Fi Thriller
116.0,Captain America: The Winter Soldier ,714422000.0,Walt Disney Studios Motion Pictures,170000000.0,PG-13,136.0,Action Adventure Sci-Fi
117.0,The Twilight Saga: Breaking Dawn - Part 1 ,712206000.0,Summit Entertainment,110000000.0,PG-13,117.0,Action Adventure Drama Fantasy Romance Thriller
118.0,The Twilight Saga: New Moon ,711020000.0,Summit Entertainment,50000000.0,PG-13,130.0,Adventure Drama Fantasy Mystery Romance
119.0,Dawn of the Planet of the Apes ,710645000.0,Twentieth Century Fox,170000000.0,PG-13,130.0,Action Adventure Drama Sci-Fi
120.0,Transformers ,709710000.0,DreamWorks,150000000.0,PG-13,144.0,Action Adventure Sci-Fi
121.0,The Amazing Spider-Man 2 ,708982000.0,Sony Pictures Releasing,,PG-13,142.0,Action Adventure Sci-Fi
122.0,It ,701796000.0,Warner Bros.,35000000.0,R,135.0,Horror
123.0,The Wandering Earth ,699761000.0,CMC Pictures,,,125.0,Action Drama Sci-Fi
124.0,The Twilight Saga: Eclipse ,698491000.0,Summit Entertainment,68000000.0,PG-13,124.0,Action Drama Fantasy Romance
125.0,Mission: Impossible - Ghost Protocol ,694713000.0,Paramount Pictures,145000000.0,PG-13,132.0,Action Adventure Thriller
126.0,The Hunger Games ,694395000.0,Lionsgate,78000000.0,PG-13,142.0,Action Adventure Sci-Fi Thriller
127.0,Moana ,690846000.0,Walt Disney Studios Motion Pictures,,PG,107.0,Adventure Animation Comedy Family Fantasy Musical
128.0,Mission: Impossible - Rogue Nation ,682714000.0,Paramount Pictures,150000000.0,PG-13,131.0,Action Adventure Thriller
129.0,Forrest Gump ,678151000.0,Paramount Pictures,55000000.0,PG-13,142.0,Drama Romance
130.0,Doctor Strange ,677718000.0,Walt Disney Studios Motion Pictures,165000000.0,PG-13,115.0,Action Adventure Fantasy Sci-Fi
131.0,Interstellar ,677471000.0,Paramount Pictures,165000000.0,PG-13,169.0,Adventure Drama Sci-Fi
132.0,The Sixth Sense ,672806000.0,Walt Disney Studios Motion Pictures,40000000.0,PG-13,107.0,Drama Mystery Thriller
133.0,Man of Steel ,668046000.0,Warner Bros.,225000000.0,PG-13,143.0,Action Adventure Sci-Fi
134.0,Ice Age: The Meltdown ,667095000.0,Twentieth Century Fox,80000000.0,PG,91.0,Adventure Animation Comedy Family
135.0,Kung Fu Panda 2 ,665692000.0,DreamWorks,150000000.0,PG,90.0,Action Adventure Animation Comedy Family Fantasy
136.0,The Hunger Games: Mockingjay - Part 2 ,658344000.0,Lionsgate,160000000.0,PG-13,137.0,Action Adventure Sci-Fi Thriller
137.0,Justice League ,657924000.0,Warner Bros.,,PG-13,120.0,Action Adventure Fantasy Sci-Fi
138.0,Big Hero 6 ,657828000.0,Walt Disney Studios Motion Pictures,165000000.0,PG,102.0,Action Adventure Animation Family Sci-Fi
139.0,Pirates of the Caribbean: The Curse of the Black Pearl ,654264000.0,Walt Disney Studios Motion Pictures,140000000.0,PG-13,143.0,Action Adventure Fantasy
140.0,Star Wars: Episode II - Attack of the Clones ,653780000.0,Twentieth Century Fox,115000000.0,PG,142.0,Action Adventure Fantasy Sci-Fi
141.0,Fantastic Beasts: The Crimes of Grindelwald ,653756000.0,Warner Bros.,200000000.0,PG-13,134.0,Adventure Family Fantasy
142.0,Thor: The Dark World ,644783000.0,Walt Disney Studios Motion Pictures,170000000.0,PG-13,112.0,Action Adventure Fantasy
143.0,Sing ,634152000.0,Universal Pictures,75000000.0,PG,108.0,Animation Comedy Family Musical
144.0,"Monsters, Inc. ",632317000.0,Walt Disney Studios Motion Pictures,115000000.0,G,92.0,Adventure Animation Comedy Family Fantasy
145.0,Kung Fu Panda ,631746000.0,DreamWorks,130000000.0,PG,92.0,Action Adventure Animation Comedy Family
146.0,The Incredibles ,631607000.0,Walt Disney Studios Motion Pictures,92000000.0,,115.0,Action Adventure Animation Family
147.0,The Martian ,630162000.0,Twentieth Century Fox,108000000.0,PG-13,144.0,Adventure Drama Sci-Fi
148.0,Hancock ,629443000.0,Sony Pictures Releasing,150000000.0,PG-13,92.0,Action Fantasy
149.0,Fast Five ,626138000.0,Universal Pictures,125000000.0,PG-13,130.0,Action Adventure Thriller
150.0,Men in Black 3 ,624027000.0,Sony Pictures Releasing,225000000.0,PG-13,106.0,Action Adventure Comedy Sci-Fi
151.0,Iron Man 2 ,623933000.0,Paramount Pictures,200000000.0,PG-13,124.0,Action Adventure Sci-Fi
152.0,Ratatouille ,623726000.0,Walt Disney Studios Motion Pictures,150000000.0,G,111.0,Adventure Animation Comedy Drama Family Fantasy
153.0,Ant-Man and the Wasp ,622674000.0,Walt Disney Studios Motion Pictures,,PG-13,118.0,Action Adventure Comedy Sci-Fi
154.0,How to Train Your Dragon 2 ,621538000.0,Twentieth Century Fox,145000000.0,PG,102.0,Action Adventure Animation Family Fantasy
155.0,Logan ,619021000.0,Twentieth Century Fox,97000000.0,R,137.0,Action Drama Sci-Fi Thriller
156.0,The Lost World: Jurassic Park ,618639000.0,Universal Pictures,73000000.0,PG-13,129.0,Action Adventure Sci-Fi
157.0,Casino Royale ,616502000.0,Sony Pictures Releasing,150000000.0,PG-13,144.0,Action Adventure Thriller
158.0,The Passion of the Christ ,612054000.0,Newmarket Films,30000000.0,R,127.0,Drama
159.0,Mamma Mia! ,609897000.0,Universal Pictures,52000000.0,PG-13,108.0,Comedy Musical Romance
160.0,Life of Pi ,609017000.0,Twentieth Century Fox,120000000.0,PG,127.0,Adventure Drama Fantasy
161.0,Transformers: The Last Knight ,605425000.0,Paramount Pictures,217000000.0,PG-13,154.0,Action Adventure Sci-Fi
162.0,Madagascar: Escape 2 Africa ,603900000.0,DreamWorks,150000000.0,PG,89.0,Adventure Animation Comedy Family
163.0,War of the Worlds ,603873000.0,Paramount Pictures,132000000.0,PG-13,116.0,Adventure Sci-Fi Thriller
164.0,Tangled ,593172000.0,Walt Disney Studios Motion Pictures,260000000.0,PG,100.0,Adventure Animation Comedy Family Fantasy Musical Romance
165.0,Quantum of Solace ,589580000.0,Sony Pictures Releasing,200000000.0,PG-13,106.0,Action Adventure Thriller
166.0,Men in Black ,589391000.0,Sony Pictures Releasing,90000000.0,PG-13,98.0,Action Adventure Comedy Sci-Fi
167.0,The Croods ,587205000.0,Twentieth Century Fox,135000000.0,PG,98.0,Action Adventure Animation Comedy Family Fantasy
168.0,The Hangover Part II ,586764000.0,Warner Bros.,80000000.0,R,102.0,Comedy
169.0,I Am Legend ,585410000.0,Warner Bros.,150000000.0,PG-13,101.0,Adventure Drama Sci-Fi Thriller
170.0,Iron Man ,585366000.0,Paramount Pictures,140000000.0,PG-13,126.0,Action Adventure Sci-Fi
171.0,Ready Player One ,582890000.0,Warner Bros.,175000000.0,PG-13,140.0,Action Adventure Sci-Fi
172.0,Operation Red Sea ,579330000.0,Well Go USA Entertainment,,,142.0,Action Drama Thriller War
173.0,Night at the Museum ,574481000.0,Twentieth Century Fox,,PG,108.0,Adventure Comedy Family Fantasy
174.0,Fifty Shades of Grey ,569651000.0,Universal Pictures,40000000.0,R,125.0,Drama Romance Thriller
175.0,Kong: Skull Island ,566653000.0,Warner Bros.,185000000.0,PG-13,118.0,Action Adventure Fantasy Sci-Fi
176.0,The Smurfs ,563749000.0,Sony Pictures Releasing,110000000.0,PG,103.0,Adventure Comedy Family Fantasy
177.0,King Kong ,562363000.0,Universal Pictures,207000000.0,PG-13,187.0,Action Adventure Drama Romance
178.0,Cars 2 ,559852000.0,Walt Disney Studios Motion Pictures,200000000.0,G,106.0,Adventure Animation Comedy Family Sport
179.0,Puss in Boots ,554987000.0,DreamWorks,130000000.0,PG,90.0,Adventure Animation Comedy Family Fantasy
180.0,The Mermaid ,553810000.0,Sony Pictures Releasing,,R,94.0,Comedy Drama Fantasy Romance
181.0,Armageddon ,553710000.0,Walt Disney Studios Motion Pictures,140000000.0,PG-13,151.0,Action Adventure Sci-Fi Thriller
182.0,The Day After Tomorrow ,552640000.0,Twentieth Century Fox,125000000.0,PG-13,124.0,Action Adventure Sci-Fi Thriller
183.0,Ted ,549368000.0,Universal Pictures,50000000.0,R,106.0,Comedy
184.0,Star Wars: Episode V - The Empire Strikes Back ,547897000.0,Twentieth Century Fox,18000000.0,PG,124.0,Action Adventure Fantasy Sci-Fi
185.0,American Sniper ,547426000.0,Warner Bros.,58800000.0,R,133.0,Action Biography Drama War
186.0,Mission: Impossible II ,546388000.0,Paramount Pictures,125000000.0,PG-13,123.0,Action Adventure Thriller
187.0,Detective Chinatown 2 ,544185000.0,Warner Bros.,,R,121.0,Action Comedy Mystery
188.0,X-Men: Apocalypse ,543934000.0,Twentieth Century Fox,178000000.0,PG-13,144.0,Action Adventure Sci-Fi
189.0,Sherlock Holmes: A Game of Shadows ,543848000.0,Warner Bros.,,PG-13,129.0,Action Adventure Crime Mystery Thriller
190.0,Despicable Me ,543114000.0,Universal Pictures,69000000.0,PG,95.0,Animation Comedy Family Fantasy
191.0,Cinderella ,542351000.0,Walt Disney Studios Motion Pictures,95000000.0,PG,105.0,Drama Family Fantasy Romance
192.0,Madagascar ,542064000.0,DreamWorks Distribution,,PG,86.0,Adventure Animation Comedy Family
193.0,World War Z ,540008000.0,Paramount Pictures,190000000.0,PG-13,116.0,Action Adventure Horror Sci-Fi
194.0,Brave ,538983000.0,Walt Disney Studios Motion Pictures,185000000.0,PG,93.0,Adventure Animation Comedy Family Fantasy
195.0,The Simpsons Movie ,536414000.0,Twentieth Century Fox,75000000.0,PG-13,87.0,Adventure Animation Comedy
196.0,The Revenant ,532950000.0,Twentieth Century Fox,135000000.0,R,156.0,Action Adventure Biography Drama History Western
197.0,The Meg ,530244000.0,Warner Bros.,130000000.0,PG-13,113.0,Action Horror Sci-Fi Thriller
198.0,Ralph Breaks the Internet ,529324000.0,Walt Disney Studios Motion Pictures,175000000.0,PG,112.0,Adventure Animation Comedy Family Fantasy
199.0,Hotel Transylvania 3: Summer Vacation ,528584000.0,Sony Pictures Releasing,80000000.0,PG,97.0,Adventure Animation Comedy Family Fantasy
200.0,The Boss Baby ,527966000.0,Twentieth Century Fox,,PG,97.0,Adventure Animation Comedy Family Fantasy
201.0,Dunkirk ,526941000.0,Warner Bros.,100000000.0,PG-13,106.0,Action Drama History Thriller War
202.0,Godzilla ,524976000.0,Warner Bros.,160000000.0,PG-13,123.0,Action Adventure Sci-Fi Thriller
203.0,Sherlock Holmes ,524029000.0,Warner Bros.,90000000.0,PG-13,128.0,Action Adventure Crime Mystery Thriller
204.0,Meet the Fockers ,522658000.0,Universal Pictures,80000000.0,PG-13,115.0,Comedy Romance
205.0,How to Train Your Dragon: The Hidden World ,521800000.0,Universal Pictures,129000000.0,PG,104.0,Action Adventure Animation Family Fantasy
206.0,WALL·E ,521312000.0,Walt Disney Studios Motion Pictures,180000000.0,,98.0,Adventure Animation Family Sci-Fi
207.0,Kung Fu Panda 3 ,521171000.0,Twentieth Century Fox,145000000.0,PG,95.0,Action Adventure Animation Comedy Family Fantasy
208.0,Terminator 2: Judgment Day ,520885000.0,TriStar Pictures,102000000.0,R,137.0,Action Sci-Fi
209.0,Ant-Man ,519312000.0,Walt Disney Studios Motion Pictures,130000000.0,PG-13,117.0,Action Adventure Comedy Sci-Fi
210.0,Dr. Seuss' The Grinch ,511596000.0,Universal Pictures,75000000.0,PG,85.0,Animation Family Fantasy
211.0,Ghost ,505707000.0,Paramount Pictures,22000000.0,,127.0,Drama Fantasy Romance Thriller
212.0,Aladdin ,504050000.0,Walt Disney Studios Motion Pictures,28000000.0,,90.0,Adventure Animation Comedy Family Fantasy Musical Romance
213.0,Rio 2 ,498781000.0,Twentieth Century Fox,103000000.0,G,101.0,Adventure Animation Comedy Family Musical
214.0,Troy ,497410000.0,Warner Bros.,175000000.0,R,163.0,Drama History
215.0,Toy Story 2 ,497375000.0,Walt Disney Studios Motion Pictures,90000000.0,,92.0,Adventure Animation Comedy Family Fantasy
216.0,How to Train Your Dragon ,494879000.0,DreamWorks,165000000.0,PG,98.0,Action Adventure Animation Family Fantasy
217.0,Twister ,494472000.0,Warner Bros.,92000000.0,,113.0,Action Adventure Thriller
218.0,Oz the Great and Powerful ,493312000.0,Walt Disney Studios Motion Pictures,215000000.0,PG,130.0,Adventure Family Fantasy
219.0,Clash of the Titans ,493215000.0,Warner Bros.,125000000.0,PG-13,106.0,Action Adventure Fantasy
220.0,Maleficent: Mistress of Evil ,491640000.0,Walt Disney Studios Motion Pictures,,PG,119.0,Adventure Family Fantasy
221.0,War for the Planet of the Apes ,490720000.0,Twentieth Century Fox,150000000.0,PG-13,140.0,Action Adventure Drama Sci-Fi Thriller
222.0,Mr. & Mrs. Smith ,487288000.0,Twentieth Century Fox,110000000.0,PG-13,120.0,Action Comedy Crime Thriller
223.0,Angels & Demons ,485931000.0,Sony Pictures Releasing,150000000.0,PG-13,138.0,Action Mystery Thriller
224.0,Teenage Mutant Ninja Turtles ,485005000.0,Paramount Pictures,125000000.0,PG-13,101.0,Action Adventure Comedy Sci-Fi
225.0,Bruce Almighty ,484593000.0,Universal Pictures,81000000.0,PG-13,101.0,Comedy Drama Fantasy
226.0,Shrek ,484409000.0,DreamWorks Distribution,60000000.0,PG,90.0,Adventure Animation Comedy Family Fantasy
227.0,Rio ,483867000.0,Twentieth Century Fox,90000000.0,PG,96.0,Adventure Animation Comedy Crime Family Musical
228.0,Saving Private Ryan ,482350000.0,DreamWorks Distribution,70000000.0,R,169.0,Drama War
229.0,Rise of the Planet of the Apes ,481801000.0,Twentieth Century Fox,93000000.0,PG-13,105.0,Action Drama Sci-Fi Thriller
230.0,Home Alone ,477063000.0,Twentieth Century Fox,18000000.0,,103.0,Comedy Family
231.0,Star Wars: Episode VI - Return of the Jedi ,475347000.0,Twentieth Century Fox,32500000.0,PG,131.0,Action Adventure Fantasy Sci-Fi
232.0,Charlie and the Chocolate Factory ,474969000.0,Warner Bros.,150000000.0,PG,115.0,Adventure Comedy Family Fantasy Musical
233.0,Hotel Transylvania 2 ,474800000.0,Sony Pictures Releasing,80000000.0,PG,89.0,Animation Comedy Family Fantasy Horror
234.0,Indiana Jones and the Last Crusade ,474311000.0,Paramount Pictures,48000000.0,PG-13,127.0,Action Adventure
235.0,San Andreas ,473991000.0,Warner Bros.,110000000.0,PG-13,114.0,Action Adventure Drama Thriller
236.0,It Chapter Two ,472993000.0,Warner Bros.,,R,169.0,Drama Fantasy Horror
237.0,Wreck-It Ralph ,471223000.0,Walt Disney Studios Motion Pictures,165000000.0,PG,101.0,Adventure Animation Comedy Family Fantasy
238.0,Jaws ,471203000.0,Universal Pictures,7000000.0,,124.0,Adventure Drama Thriller
239.0,The Hangover ,469311000.0,Warner Bros.,35000000.0,R,100.0,Comedy
240.0,The Lego Movie ,468061000.0,Warner Bros.,60000000.0,PG,100.0,Action Adventure Animation Comedy Family Fantasy
241.0,Bumblebee ,467990000.0,Paramount Pictures,135000000.0,PG-13,114.0,Action Adventure Sci-Fi
242.0,Star Trek Into Darkness ,467365000.0,Paramount Pictures,190000000.0,PG-13,132.0,Action Adventure Sci-Fi
243.0,The Matrix ,465344000.0,Warner Bros.,63000000.0,R,136.0,Action Sci-Fi
244.0,Pretty Woman ,463406000.0,Walt Disney Studios Motion Pictures,14000000.0,R,119.0,Comedy Romance
245.0,Cars ,461983000.0,Walt Disney Studios Motion Pictures,120000000.0,,117.0,Animation Comedy Family Sport
246.0,Gladiator ,460584000.0,DreamWorks Distribution,103000000.0,R,155.0,Action Adventure Drama
247.0,X-Men: The Last Stand ,460435000.0,Twentieth Century Fox,210000000.0,PG-13,104.0,Action Sci-Fi
248.0,National Treasure: Book of Secrets ,459242000.0,Walt Disney Studios Motion Pictures,,PG,124.0,Action Adventure Mystery Thriller
249.0,Lucy ,458864000.0,Universal Pictures,40000000.0,R,89.0,Action Sci-Fi Thriller
250.0,Mission: Impossible ,457731000.0,Paramount Pictures,80000000.0,PG-13,110.0,Action Adventure Thriller
251.0,300 ,456068000.0,Warner Bros.,65000000.0,R,117.0,Action Drama
252.0,The Last Samurai ,454627000.0,Warner Bros.,140000000.0,R,154.0,Action Drama War
253.0,Dying to Survive ,451183000.0,,,,,Comedy Drama
254.0,Ocean's Eleven ,450717000.0,Warner Bros.,85000000.0,PG-13,116.0,Crime Thriller
255.0,"My People, My Country ",450065000.0,CMC Pictures,,,154.0,Drama History
256.0,Thor ,449327000.0,Paramount Pictures,150000000.0,PG-13,115.0,Action Adventure Fantasy
257.0,Pearl Harbor ,449221000.0,Walt Disney Studios Motion Pictures,140000000.0,PG-13,183.0,Action Drama History Romance War
258.0,Tarzan ,448192000.0,Walt Disney Studios Motion Pictures,130000000.0,,88.0,Adventure Animation Family Romance
259.0,La La Land ,446172000.0,Lionsgate,30000000.0,PG-13,128.0,Comedy Drama Music Musical Romance
260.0,Men in Black II ,445135000.0,Sony Pictures Releasing,140000000.0,PG-13,88.0,Action Adventure Comedy Mystery Sci-Fi
261.0,The Bourne Ultimatum ,444100000.0,Universal Pictures,110000000.0,PG-13,115.0,Action Mystery Thriller
262.0,The Mummy Returns ,443281000.0,Universal Pictures,98000000.0,PG-13,130.0,Action Adventure Fantasy Thriller
263.0,Alvin and the Chipmunks: The Squeakquel ,443140000.0,Twentieth Century Fox,75000000.0,PG,88.0,Animation Comedy Family Fantasy Music
264.0,Les Misérables ,441810000.0,Universal Pictures,61000000.0,PG-13,158.0,Drama History Musical Romance War
265.0,The Exorcist ,441306000.0,Warner Bros.,,R,122.0,Horror
266.0,Mrs. Doubtfire ,441286000.0,Twentieth Century Fox,25000000.0,PG-13,125.0,Comedy Drama Family
267.0,Terminator Genisys ,440604000.0,Paramount Pictures,155000000.0,PG-13,126.0,Action Adventure Sci-Fi
268.0,Beauty and the Beast ,440118000.0,Walt Disney Studios Motion Pictures,25000000.0,,84.0,Animation Family Fantasy Musical Romance
269.0,Warcraft ,439049000.0,Universal Pictures,160000000.0,PG-13,123.0,Action Adventure Fantasy
270.0,The Greatest Showman ,434993000.0,Twentieth Century Fox,84000000.0,PG,105.0,Biography Drama Musical
271.0,A Star Is Born ,434889000.0,Warner Bros.,36000000.0,R,136.0,Drama Music Romance
272.0,Terminator 3: Rise of the Machines ,433371000.0,Warner Bros.,200000000.0,R,109.0,Action Sci-Fi
273.0,Die Another Day ,431971000.0,Metro-Goldwyn-Mayer (MGM),142000000.0,PG-13,133.0,Action Adventure Thriller
274.0,Pokémon Detective Pikachu ,431705000.0,Warner Bros.,150000000.0,PG,104.0,Action Adventure Comedy Family Mystery Sci-Fi
275.0,Cast Away ,429632000.0,Twentieth Century Fox,90000000.0,PG-13,143.0,Adventure Drama Romance
276.0,The Secret Life of Pets 2 ,429434000.0,Universal Pictures,80000000.0,PG,86.0,Adventure Animation Comedy Family
277.0,Rampage ,428028000.0,Warner Bros.,120000000.0,PG-13,107.0,Action Adventure Sci-Fi
278.0,The King's Speech ,427374000.0,The Weinstein Company,15000000.0,R,118.0,Biography Drama History
279.0,The Matrix Revolutions ,427344000.0,Warner Bros.,150000000.0,R,129.0,Action Sci-Fi
280.0,The Intouchables ,426589000.0,The Weinstein Company,,R,112.0,Biography Comedy Drama
281.0,Django Unchained ,425368000.0,The Weinstein Company,100000000.0,R,165.0,Drama Western
282.0,Dances with Wolves ,424209000.0,Orion Pictures,22000000.0,,181.0,Adventure Drama Western
283.0,The Chronicles of Narnia: Prince Caspian ,419666000.0,Walt Disney Studios Motion Pictures,225000000.0,PG,150.0,Action Adventure Family Fantasy
284.0,Sex and the City ,418765000.0,Warner Bros.,65000000.0,R,145.0,Comedy Drama Romance
285.0,The Captain ,416953000.0,Well Go USA Entertainment,,,111.0,Drama
286.0,The Mummy ,415933000.0,Universal Pictures,80000000.0,PG-13,124.0,Action Adventure Fantasy
287.0,The Chronicles of Narnia: The Voyage of the Dawn Treader ,415686000.0,Twentieth Century Fox,155000000.0,PG,113.0,Adventure Family Fantasy
288.0,Jason Bourne ,415485000.0,Universal Pictures,120000000.0,PG-13,123.0,Action Thriller
289.0,The Wolverine ,414828000.0,Twentieth Century Fox,120000000.0,PG-13,126.0,Action Adventure Sci-Fi
290.0,Kingsman: The Secret Service ,414352000.0,Twentieth Century Fox,81000000.0,R,129.0,Action Adventure Comedy Thriller
291.0,Night at the Museum: Battle of the Smithsonian ,413106000.0,Twentieth Century Fox,150000000.0,PG,105.0,Adventure Comedy Family Fantasy
292.0,Batman ,411557000.0,Warner Bros.,35000000.0,,126.0,Action Adventure
293.0,The Bodyguard ,411007000.0,Warner Bros.,,R,129.0,Action Drama Music Romance Thriller
294.0,Pacific Rim ,411003000.0,Warner Bros.,190000000.0,PG-13,131.0,Action Adventure Sci-Fi
295.0,Kingsman: The Golden Circle ,410903000.0,Twentieth Century Fox,104000000.0,R,141.0,Action Adventure Comedy
296.0,The Mummy ,409232000.0,Universal Pictures,125000000.0,PG-13,110.0,Action Adventure Fantasy Thriller
297.0,Ice Age: Collision Course ,408579000.0,Twentieth Century Fox,105000000.0,PG,94.0,Adventure Animation Comedy Family Fantasy Romance Sci-Fi
298.0,Twilight ,408425000.0,Summit Entertainment,37000000.0,PG-13,122.0,Drama Fantasy Romance
299.0,Signs ,408248000.0,Walt Disney Studios Motion Pictures,72000000.0,PG-13,106.0,Drama Mystery Sci-Fi Thriller
300.0,X2: X-Men United ,407712000.0,Twentieth Century Fox,110000000.0,PG-13,134.0,Action Sci-Fi Thriller
301.0,Alita: Battle Angel ,404853000.0,Twentieth Century Fox,170000000.0,PG-13,122.0,Action Adventure Sci-Fi Thriller
302.0,Toy Story ,404265000.0,Walt Disney Studios Motion Pictures,,,81.0,Adventure Animation Comedy Family Fantasy
303.0,The Mummy: Tomb of the Dragon Emperor ,403450000.0,Universal Pictures,145000000.0,PG-13,112.0,Action Fantasy Horror Thriller
304.0,Prometheus ,403354000.0,Twentieth Century Fox,130000000.0,R,124.0,Adventure Mystery Sci-Fi
305.0,Gone with the Wind ,402353000.0,Metro-Goldwyn-Mayer (MGM),,,,Drama History Romance War
306.0,TRON: Legacy ,400063000.0,Walt Disney Studios Motion Pictures,170000000.0,PG,125.0,Action Adventure Sci-Fi
307.0,Mission: Impossible III ,398479000.0,Paramount Pictures,150000000.0,PG-13,126.0,Action Adventure Thriller
308.0,Grease ,396962000.0,Paramount Pictures,6000000.0,PG-13,110.0,Musical Romance
309.0,Snow White and the Huntsman ,396593000.0,Universal Pictures,170000000.0,PG-13,127.0,Action Adventure Drama Fantasy
310.0,Mamma Mia! Here We Go Again ,395045000.0,Universal Pictures,75000000.0,PG-13,114.0,Comedy Musical Romance
311.0,Solo: A Star Wars Story ,392925000.0,Walt Disney Studios Motion Pictures,275000000.0,PG-13,135.0,Action Adventure Sci-Fi
312.0,The Wolf of Wall Street ,392001000.0,Paramount Pictures,100000000.0,R,180.0,Biography Crime Drama
313.0,Superman Returns ,391081000.0,Warner Bros.,270000000.0,PG-13,154.0,Action Sci-Fi
314.0,Robin Hood: Prince of Thieves ,390494000.0,Warner Bros.,48000000.0,,143.0,Action Adventure Drama Romance
315.0,Raiders of the Lost Ark ,390133000.0,Paramount Pictures,18000000.0,PG,115.0,Action Adventure
316.0,Independence Day: Resurgence ,389682000.0,Twentieth Century Fox,165000000.0,PG-13,120.0,Action Adventure Sci-Fi
317.0,Once Upon a Time... in Hollywood ,389082000.0,Sony Pictures Releasing,90000000.0,R,161.0,Comedy Drama
318.0,Back to the Future ,388355000.0,Universal Pictures,19000000.0,,116.0,Adventure Comedy Sci-Fi
319.0,Live Free or Die Hard ,388156000.0,Twentieth Century Fox,110000000.0,PG-13,128.0,Action Thriller
320.0,Monster Hunt ,387054000.0,FilmRise,,,117.0,Adventure Comedy Fantasy
321.0,Home ,386042000.0,Twentieth Century Fox,135000000.0,PG,94.0,Adventure Animation Comedy Family Fantasy Sci-Fi
322.0,Godzilla: King of the Monsters ,385900000.0,Warner Bros.,170000000.0,PG-13,132.0,Action Adventure Fantasy Sci-Fi
323.0,Star Trek ,385680000.0,Paramount Pictures,150000000.0,PG-13,127.0,Action Adventure Sci-Fi
324.0,Happy Feet ,384336000.0,Warner Bros.,100000000.0,PG,108.0,Adventure Animation Comedy Family Music Musical Romance
325.0,Cars 3 ,383931000.0,Walt Disney Studios Motion Pictures,,G,102.0,Adventure Animation Comedy Family Sport
326.0,Ice Age ,383257000.0,Twentieth Century Fox,59000000.0,PG,81.0,Adventure Animation Comedy Family Fantasy
327.0,Fifty Shades Darker ,381546000.0,Universal Pictures,55000000.0,R,118.0,Drama Romance
328.0,Monsters vs. Aliens ,381510000.0,DreamWorks,175000000.0,PG,94.0,Action Animation Comedy Family Sci-Fi Thriller
329.0,Godzilla ,379014000.0,Sony Pictures Releasing,130000000.0,PG-13,139.0,Action Sci-Fi Thriller
330.0,True Lies ,378882000.0,Twentieth Century Fox,115000000.0,R,141.0,Action Comedy Thriller
331.0,Slumdog Millionaire ,378061000.0,Fox Searchlight Pictures,15000000.0,R,120.0,Drama Romance
332.0,Taken 2 ,376141000.0,Twentieth Century Fox,45000000.0,PG-13,92.0,Action Thriller
333.0,G.I. Joe: Retaliation ,375741000.0,Paramount Pictures,130000000.0,PG-13,110.0,Action Adventure Sci-Fi Thriller
334.0,Spider-Man: Into the Spider-Verse ,375541000.0,Sony Pictures Releasing,90000000.0,PG,117.0,Action Adventure Animation Family Sci-Fi
335.0,Mad Max: Fury Road ,375209000.0,Warner Bros.,150000000.0,R,120.0,Action Adventure Sci-Fi Thriller
336.0,Shark Tale ,374584000.0,DreamWorks Distribution,75000000.0,PG,90.0,Adventure Animation Comedy Family Fantasy
337.0,What Women Want ,374112000.0,Paramount Pictures,70000000.0,PG-13,127.0,Comedy Fantasy Romance
338.0,The Adventures of Tintin ,373994000.0,Paramount Pictures,,PG,107.0,Action Adventure Animation Family Mystery
339.0,Penguins of Madagascar ,373516000.0,Twentieth Century Fox,132000000.0,PG,92.0,Adventure Animation Comedy Family Sci-Fi
340.0,Batman Begins ,373413000.0,Warner Bros.,150000000.0,PG-13,140.0,Action Adventure Fantasy Thriller
341.0,X-Men Origins: Wolverine ,373063000.0,Twentieth Century Fox,150000000.0,PG-13,107.0,Action Adventure Sci-Fi
342.0,The Golden Compass ,372235000.0,New Line Cinema,180000000.0,PG-13,113.0,Adventure Family Fantasy
343.0,Fifty Shades Freed ,371985000.0,Universal Pictures,55000000.0,R,105.0,Drama Romance Thriller
344.0,Hitch ,371594000.0,Sony Pictures Releasing,70000000.0,PG-13,118.0,Comedy Romance
345.0,Terminator Salvation ,371353000.0,Warner Bros.,200000000.0,PG-13,115.0,Action Sci-Fi
346.0,Captain America: The First Avenger ,370570000.0,Paramount Pictures,140000000.0,PG-13,124.0,Action Adventure Sci-Fi
347.0,Edge of Tomorrow ,370541000.0,Warner Bros.,178000000.0,PG-13,113.0,Action Sci-Fi
348.0,There's Something About Mary ,369885000.0,Twentieth Century Fox,23000000.0,R,119.0,Comedy Romance
349.0,Gone Girl ,369330000.0,Twentieth Century Fox,61000000.0,R,149.0,Drama Mystery Thriller
350.0,The Fugitive ,368876000.0,Warner Bros.,,PG-13,130.0,Action Crime Drama Mystery Thriller
351.0,Jurassic Park III ,368781000.0,Universal Pictures,93000000.0,PG-13,92.0,Action Adventure Sci-Fi Thriller
352.0,My Big Fat Greek Wedding ,368744000.0,IFC Films,5000000.0,PG,95.0,Comedy Drama Romance
353.0,Hello Mr. Billionaire ,132219000.0,,,,,Comedy
354.0,Die Hard with a Vengeance ,366237000.0,Twentieth Century Fox,90000000.0,R,128.0,Action Adventure Thriller
355.0,The Nun ,365550000.0,Warner Bros.,22000000.0,R,96.0,Horror Mystery Thriller
356.0,Alvin and the Chipmunks ,365353000.0,Twentieth Century Fox,60000000.0,PG,92.0,Animation Comedy Family Fantasy Music
357.0,Home Alone 2: Lost in New York ,365155000.0,Twentieth Century Fox,,PG,120.0,Adventure Comedy Crime Family
358.0,Shazam! ,364572000.0,Warner Bros.,100000000.0,PG-13,132.0,Action Adventure Comedy Fantasy
359.0,Notting Hill ,363945000.0,Universal Pictures,42000000.0,PG-13,124.0,Comedy Drama Romance
360.0,A Bug's Life ,363259000.0,Walt Disney Studios Motion Pictures,120000000.0,,95.0,Adventure Animation Comedy Family
361.0,Night at the Museum: Secret of the Tomb ,363205000.0,Twentieth Century Fox,127000000.0,PG,98.0,Adventure Comedy Family Fantasy
362.0,Ocean's Twelve ,362744000.0,Warner Bros.,110000000.0,PG-13,125.0,Crime Thriller
363.0,Planet of the Apes ,362212000.0,Twentieth Century Fox,100000000.0,PG-13,119.0,Action Adventure Sci-Fi Thriller
364.0,The Hangover Part III ,362000000.0,Warner Bros.,103000000.0,R,100.0,Comedy
365.0,The World is Not Enough ,361832000.0,Metro-Goldwyn-Mayer (MGM),135000000.0,PG-13,128.0,Action Adventure Thriller
366.0,Monster Hunt 2 ,361683000.0,Lionsgate,,,110.0,Adventure Comedy Fantasy Sci-Fi
367.0,Fast & Furious ,360364000.0,Universal Pictures,85000000.0,PG-13,107.0,Action Adventure Thriller
368.0,Noah ,359200000.0,Paramount Pictures,125000000.0,PG-13,138.0,Action Adventure Drama Romance Thriller
369.0,The Karate Kid ,359126000.0,Sony Pictures Releasing,40000000.0,PG,140.0,Action Drama Family Sport
370.0,Your Name. ,358923000.0,FUNimation Entertainment,,PG,106.0,Animation Drama Fantasy Romance
371.0,Hotel Transylvania ,358376000.0,Sony Pictures Releasing,85000000.0,PG,91.0,Animation Comedy Family Fantasy Horror
372.0,Minority Report ,358373000.0,Twentieth Century Fox,102000000.0,PG-13,145.0,Action Crime Mystery Sci-Fi Thriller
373.0,Top Gun ,356831000.0,Paramount Pictures,,,110.0,Action Drama
374.0,The Legend of Tarzan ,356700000.0,Warner Bros.,180000000.0,PG-13,110.0,Action Adventure Drama Fantasy Romance
375.0,American Beauty ,356297000.0,DreamWorks Distribution,15000000.0,R,122.0,Drama
376.0,Apollo 13 ,355238000.0,Universal Pictures,,PG,140.0,Adventure Drama History
377.0,Rain Man ,354825000.0,Metro-Goldwyn-Mayer (MGM),25000000.0,,133.0,Drama
378.0,The Great Gatsby ,353642000.0,Warner Bros.,105000000.0,PG-13,143.0,Drama Romance
379.0,Dumbo ,353285000.0,Walt Disney Studios Motion Pictures,170000000.0,PG,112.0,Adventure Family Fantasy
380.0,"I, Robot ",353134000.0,Twentieth Century Fox,120000000.0,PG-13,115.0,Action Crime Drama Sci-Fi Thriller
381.0,Basic Instinct ,352927000.0,TriStar Pictures,49000000.0,R,127.0,Drama Mystery Thriller
382.0,Murder on the Orient Express ,352790000.0,Twentieth Century Fox,55000000.0,PG-13,114.0,Crime Drama Mystery
383.0,X-Men: First Class ,352617000.0,Twentieth Century Fox,160000000.0,PG-13,131.0,Action Adventure Sci-Fi
384.0,The Angry Birds Movie ,352334000.0,Sony Pictures Releasing,73000000.0,PG,97.0,Action Animation Comedy Family Fantasy
385.0,GoldenEye ,352194000.0,Metro-Goldwyn-Mayer (MGM),,PG-13,130.0,Action Adventure Thriller
386.0,Catch Me If You Can ,352114000.0,DreamWorks Distribution,52000000.0,PG-13,141.0,Biography Crime Drama
387.0,Now You See Me ,351724000.0,Lionsgate,75000000.0,PG-13,115.0,Crime Mystery Thriller
388.0,Hannibal ,351692000.0,Metro-Goldwyn-Mayer (MGM),87000000.0,R,131.0,Crime Drama Thriller
389.0,The Mask ,351583000.0,New Line Cinema,23000000.0,PG-13,101.0,Comedy Crime Fantasy
390.0,Peter Rabbit ,351266000.0,Sony Pictures Releasing,50000000.0,PG,95.0,Adventure Comedy Family Fantasy
391.0,Speed ,350448000.0,Twentieth Century Fox,30000000.0,R,116.0,Action Adventure Thriller
392.0,Dinosaur ,349823000.0,Walt Disney Studios Motion Pictures,127500000.0,PG,82.0,Adventure Animation Family Thriller
393.0,Mary Poppins Returns ,349538000.0,Walt Disney Studios Motion Pictures,130000000.0,PG,130.0,Comedy Family Fantasy Musical
394.0,Deep Impact ,349465000.0,Paramount Pictures,,PG-13,120.0,Action Drama Romance Sci-Fi Thriller
395.0,The Lorax ,348840000.0,Universal Pictures,70000000.0,PG,86.0,Adventure Animation Drama Family Fantasy Musical
396.0,The Maze Runner ,348320000.0,Twentieth Century Fox,34000000.0,PG-13,113.0,Action Mystery Sci-Fi Thriller
397.0,Spirited Away ,347743000.0,Walt Disney Studios Motion Pictures,,PG,125.0,Adventure Animation Family Fantasy Mystery
398.0,The Smurfs 2 ,347545000.0,Sony Pictures Releasing,105000000.0,PG,105.0,Adventure Animation Comedy Family Fantasy
399.0,National Treasure ,347512000.0,Walt Disney Studios Motion Pictures,100000000.0,PG,131.0,Action Adventure Mystery Thriller
400.0,Rush Hour 2 ,347326000.0,New Line Cinema,90000000.0,PG-13,90.0,Action Comedy Crime Thriller
401.0,Trolls ,346864000.0,Twentieth Century Fox,125000000.0,PG,92.0,Adventure Animation Comedy Family Fantasy Musical
402.0,xXx: Return of Xander Cage ,346118000.0,Paramount Pictures,85000000.0,PG-13,107.0,Action Adventure Thriller
403.0,Pocahontas ,346080000.0,Walt Disney Studios Motion Pictures,,G,81.0,Adventure Animation Drama Family Musical Romance
404.0,How the Grinch Stole Christmas ,345141000.0,Universal Pictures,123000000.0,PG,104.0,Comedy Family Fantasy
405.0,Star Trek Beyond ,343472000.0,Paramount Pictures,185000000.0,PG-13,122.0,Action Adventure Sci-Fi Thriller
406.0,Alvin and the Chipmunks: Chipwrecked ,342695000.0,Twentieth Century Fox,75000000.0,G,87.0,Adventure Animation Comedy Family Fantasy Music
407.0,Wanted ,342463000.0,Universal Pictures,75000000.0,R,110.0,Action Crime Fantasy Thriller
408.0,The Flintstones ,341631000.0,Universal Pictures,46000000.0,PG,91.0,Comedy Family Fantasy
409.0,A Quiet Place ,340939000.0,Paramount Pictures,17000000.0,PG-13,90.0,Drama Horror Sci-Fi
410.0,Enchanted ,340488000.0,Walt Disney Studios Motion Pictures,85000000.0,PG,107.0,Animation Comedy Family Fantasy Musical Romance
411.0,Over the Hedge ,339796000.0,DreamWorks,,PG,83.0,Adventure Animation Comedy Family Fantasy
412.0,300: Rise of an Empire ,337580000.0,Warner Bros.,110000000.0,R,102.0,Action Drama
413.0,Batman Forever ,336568000.0,Warner Bros.,100000000.0,PG-13,121.0,Action Adventure Fantasy
414.0,Prince of Persia: The Sands of Time ,336366000.0,Walt Disney Studios Motion Pictures,200000000.0,PG-13,116.0,Action Fantasy
415.0,Back to the Future Part II ,335949000.0,Universal Pictures,40000000.0,,108.0,Adventure Comedy Sci-Fi
416.0,The Curious Case of Benjamin Button ,335803000.0,Paramount Pictures,150000000.0,PG-13,166.0,Drama Fantasy Romance
417.0,Journey 2: The Mysterious Island ,335260000.0,Warner Bros.,79000000.0,PG,94.0,Action Adventure Comedy Family Fantasy Sci-Fi
418.0,The Rock ,335063000.0,Walt Disney Studios Motion Pictures,75000000.0,R,136.0,Action Adventure Thriller
419.0,The Great Wall ,334934000.0,Universal Pictures,150000000.0,PG-13,103.0,Action Adventure Fantasy Thriller
420.0,Now You See Me 2 ,334898000.0,Lionsgate,,PG-13,129.0,Action Adventure Comedy Crime Mystery Thriller
421.0,Never Say Die ,20656.0,,,,,Comedy Fantasy Sport
422.0,Fantastic Four ,333536000.0,Twentieth Century Fox,100000000.0,PG-13,106.0,Action Adventure Fantasy Sci-Fi
423.0,Indiana Jones and the Temple of Doom ,333107000.0,Paramount Pictures,28000000.0,,118.0,Action Adventure
424.0,Tomorrow Never Dies ,333011000.0,Metro-Goldwyn-Mayer (MGM),,PG-13,119.0,Action Adventure Thriller
425.0,The Good Dinosaur ,332208000.0,Walt Disney Studios Motion Pictures,,PG,93.0,Adventure Animation Comedy Drama Family Fantasy
426.0,22 Jump Street ,331334000.0,Sony Pictures Releasing,50000000.0,R,112.0,Action Comedy Crime
427.0,Meet the Parents ,330444000.0,Universal Pictures,55000000.0,PG-13,108.0,Comedy Romance
428.0,Green Book ,329975000.0,Universal Pictures,23000000.0,PG-13,130.0,Biography Comedy Drama Music
429.0,Who Framed Roger Rabbit ,329804000.0,Walt Disney Studios Motion Pictures,70000000.0,,104.0,Adventure Animation Comedy Crime Family Fantasy Mystery
430.0,Black Swan ,329398000.0,Fox Searchlight Pictures,13000000.0,R,108.0,Drama Thriller
431.0,The Perfect Storm ,328718000.0,Warner Bros.,140000000.0,PG-13,130.0,Action Adventure Drama Thriller
432.0,Crocodile Dundee ,328204000.0,Paramount Pictures,,,97.0,Action Adventure Comedy
433.0,The Devil Wears Prada ,327894000.0,Twentieth Century Fox,35000000.0,PG-13,109.0,Comedy Drama
434.0,Crazy Alien ,77113000.0,,,,,Comedy Sci-Fi
435.0,Se7en ,327334000.0,New Line Cinema,33000000.0,R,127.0,Crime Drama Mystery Thriller
436.0,John Wick: Chapter 3 - Parabellum ,326710000.0,Lionsgate,,R,131.0,Action Crime Thriller
437.0,Taken 3 ,326479000.0,Twentieth Century Fox,48000000.0,PG-13,108.0,Action Thriller
438.0,The Hunchback of Notre Dame ,325339000.0,Walt Disney Studios Motion Pictures,100000000.0,,91.0,Animation Drama Family Musical Romance
439.0,A Christmas Carol ,325287000.0,Walt Disney Studios Motion Pictures,200000000.0,PG,96.0,Animation Drama Family Fantasy
440.0,The SpongeBob Movie: Sponge Out of Water ,325186000.0,Paramount Pictures,74000000.0,PG,92.0,Adventure Animation Comedy Family Fantasy
441.0,Schindler's List ,322243000.0,Universal Pictures,22000000.0,R,195.0,Biography Drama History
442.0,Megamind ,321886000.0,DreamWorks,130000000.0,PG,95.0,Action Animation Comedy Family Sci-Fi
443.0,Lethal Weapon 3 ,321732000.0,Warner Bros.,35000000.0,R,118.0,Action Crime Thriller
444.0,The Ugly Truth ,321683000.0,Sony Pictures Releasing,38000000.0,R,96.0,Comedy Romance
445.0,Robin Hood ,321670000.0,Universal Pictures,200000000.0,PG-13,140.0,Action Drama History Romance
446.0,Inglourious Basterds ,321456000.0,The Weinstein Company,70000000.0,R,153.0,Adventure Drama War
447.0,101 Dalmatians ,320689000.0,Walt Disney Studios Motion Pictures,,,103.0,Adventure Comedy Crime Family
448.0,The Conjuring 2 ,320393000.0,Warner Bros.,40000000.0,R,134.0,Horror Mystery Thriller
449.0,Fatal Attraction ,320146000.0,Paramount Pictures,,,119.0,Drama Thriller
450.0,The Last Airbender ,319714000.0,Paramount Pictures,150000000.0,PG,103.0,Action Adventure Family Fantasy
451.0,The Conjuring ,319495000.0,Warner Bros.,20000000.0,R,112.0,Horror Mystery Thriller
452.0,The Proposal ,317375000.0,Walt Disney Studios Motion Pictures,40000000.0,PG-13,108.0,Comedy Drama Romance
453.0,A Beautiful Mind ,316791000.0,Universal Pictures,58000000.0,PG-13,135.0,Biography Drama
454.0,Beverly Hills Cop ,316360000.0,Paramount Pictures,,,105.0,Action Comedy Crime Thriller
455.0,Air Force One ,315156000.0,Sony Pictures Releasing,85000000.0,R,124.0,Action Drama Thriller
456.0,The Expendables 2 ,314976000.0,Lionsgate,100000000.0,R,103.0,Action Adventure Thriller
457.0,Chicken Little ,314433000.0,Walt Disney Studios Motion Pictures,150000000.0,G,81.0,Adventure Animation Comedy Family Fantasy Sci-Fi
458.0,As Good as It Gets ,314178000.0,Sony Pictures Releasing,50000000.0,PG-13,139.0,Comedy Drama Romance
459.0,The Polar Express ,313500000.0,Warner Bros.,165000000.0,,100.0,Adventure Animation Comedy Family Fantasy Musical
460.0,Maze Runner: The Scorch Trials ,312296000.0,Twentieth Century Fox,61000000.0,PG-13,131.0,Action Adventure Sci-Fi Thriller
461.0,Resident Evil: The Final Chapter ,312243000.0,Screen Gems,40000000.0,R,107.0,Action Horror Sci-Fi Thriller
462.0,Austin Powers: The Spy Who Shagged Me ,312017000.0,New Line Cinema,33000000.0,PG-13,95.0,Action Adventure Comedy Crime
463.0,The Lego Batman Movie ,311950000.0,Warner Bros.,80000000.0,PG,104.0,Action Animation Comedy Family
464.0,Ocean's Thirteen ,311313000.0,Warner Bros.,,PG-13,122.0,Action Crime Thriller
465.0,Little Fockers ,310651000.0,Universal Pictures,100000000.0,PG-13,98.0,Comedy Romance
466.0,Bolt ,309980000.0,Walt Disney Studios Motion Pictures,150000000.0,PG,96.0,Adventure Animation Comedy Drama Family
467.0,Ransom ,309493000.0,Walt Disney Studios Motion Pictures,,R,121.0,Action Crime Thriller
468.0,Runaway Bride ,309460000.0,Paramount Pictures,70000000.0,PG,116.0,Comedy Romance
469.0,The Blind Side ,309208000.0,Warner Bros.,29000000.0,PG-13,129.0,Biography Drama Sport
470.0,The Ex-File 3: The Return of The Exes ,307592000.0,China Lion Film Distribution,,,120.0,Comedy Romance
471.0,The Fault in Our Stars ,307167000.0,Twentieth Century Fox,12000000.0,PG-13,126.0,Drama Romance
472.0,The Pursuit of Happyness ,307128000.0,Sony Pictures Releasing,55000000.0,PG-13,117.0,Biography Drama
473.0,Rise of the Guardians ,306942000.0,DreamWorks,145000000.0,PG,97.0,Action Adventure Animation Comedy Family Fantasy Sci-Fi
474.0,Close Encounters of the Third Kind ,306898000.0,Columbia Pictures,,,138.0,Drama Sci-Fi
475.0,Chicago ,306777000.0,Miramax,45000000.0,PG-13,113.0,Comedy Crime Musical
476.0,Annabelle: Creation ,306516000.0,Warner Bros.,15000000.0,R,109.0,Horror Mystery Thriller
477.0,Wonder ,305938000.0,Lionsgate,,PG,113.0,Drama Family
478.0,Skyscraper ,304869000.0,Universal Pictures,125000000.0,PG-13,102.0,Action Adventure Thriller
479.0,A Good Day to Die Hard ,304654000.0,Twentieth Century Fox,92000000.0,R,98.0,Action Thriller
480.0,Mulan ,304320000.0,Walt Disney Studios Motion Pictures,,,88.0,Adventure Animation Family Fantasy Musical War
481.0,Dangal ,303724000.0,UTV Motion Pictures,,,161.0,Action Biography Drama Sport
482.0,Passengers ,303144000.0,Sony Pictures Releasing,110000000.0,PG-13,116.0,Drama Romance Sci-Fi Thriller
483.0,Battleship ,303025000.0,Universal Pictures,209000000.0,PG-13,131.0,Action Adventure Sci-Fi Thriller
484.0,Liar Liar ,302711000.0,Universal Pictures,,PG-13,86.0,Comedy Fantasy
485.0,G.I. Joe: The Rise of Cobra ,302469000.0,Paramount Pictures,175000000.0,PG-13,118.0,Action Adventure Sci-Fi Thriller
486.0,Wrath of the Titans ,301970000.0,Warner Bros.,150000000.0,PG-13,99.0,Action Adventure Fantasy
487.0,Fantastic 4: Rise of the Silver Surfer ,301913000.0,Twentieth Century Fox,130000000.0,PG,92.0,Action Adventure Fantasy Sci-Fi
488.0,Hook ,300855000.0,TriStar Pictures,70000000.0,,142.0,Adventure Comedy Family Fantasy
489.0,Rocky IV ,300474000.0,United Artists,,,91.0,Drama Sport
490.0,Superman ,300452000.0,Warner Bros.,55000000.0,PG,143.0,Action Adventure Drama Sci-Fi
491.0,Rambo: First Blood Part II ,300400000.0,TriStar Pictures,,,96.0,Action Adventure Thriller
492.0,Resident Evil: Afterlife ,300228000.0,Screen Gems,60000000.0,R,96.0,Action Adventure Horror Sci-Fi
493.0,Van Helsing ,300158000.0,Universal Pictures,160000000.0,PG-13,131.0,Action Adventure Fantasy
494.0,Stuart Little ,300135000.0,Sony Pictures Releasing,133000000.0,PG,84.0,Adventure Comedy Family Fantasy
495.0,Beverly Hills Cop II ,299965000.0,Paramount Pictures,,,100.0,Action Comedy Crime Thriller
496.0,Alice Through the Looking Glass ,299457000.0,Walt Disney Studios Motion Pictures,170000000.0,PG,113.0,Adventure Family Fantasy
497.0,My Best Friend's Wedding ,299289000.0,Sony Pictures Releasing,38000000.0,PG-13,105.0,Comedy Drama Romance
498.0,Real Steel ,299269000.0,Walt Disney Studios Motion Pictures,,PG-13,127.0,Action Drama Family Sci-Fi Sport
499.0,Horton Hears a Who! ,298573000.0,Twentieth Century Fox,85000000.0,,86.0,Adventure Animation Comedy Family Fantasy
500.0,Ocean's Eight ,297719000.0,Warner Bros.,70000000.0,PG-13,110.0,Action Comedy Crime Thriller
501.0,Insurgent ,297003000.0,Lionsgate,110000000.0,PG-13,119.0,Action Adventure Sci-Fi Thriller
502.0,Look Who's Talking ,297000000.0,TriStar Pictures,,,93.0,Comedy
503.0,Austin Powers in Goldmember ,296939000.0,New Line Cinema,63000000.0,PG-13,94.0,Action Adventure Comedy Crime
504.0,Miss Peregrine's Home for Peculiar Children ,296482000.0,Twentieth Century Fox,110000000.0,PG-13,127.0,Adventure Drama Fantasy Thriller
505.0,X-Men ,296340000.0,Twentieth Century Fox,75000000.0,PG-13,104.0,Action Adventure Sci-Fi
506.0,Ferdinand ,296069000.0,Twentieth Century Fox,111000000.0,PG,108.0,Adventure Animation Comedy Family Fantasy
507.0,Ghostbusters ,295744000.0,Columbia Pictures,30000000.0,,105.0,Action Comedy Fantasy
508.0,Shutter Island ,294804000.0,Paramount Pictures,80000000.0,R,138.0,Mystery Thriller
509.0,Doctor Dolittle ,294457000.0,Twentieth Century Fox,,PG-13,85.0,Comedy Family Fantasy
510.0,Bee Movie ,293514000.0,DreamWorks,150000000.0,PG,91.0,Adventure Animation Comedy Family
511.0,Salt ,293503000.0,Sony Pictures Releasing,110000000.0,PG-13,100.0,Action Mystery Thriller
512.0,G-Force ,292818000.0,Walt Disney Studios Motion Pictures,150000000.0,PG,88.0,Action Adventure Animation Comedy Family Fantasy Sci-Fi
513.0,The Departed ,291465000.0,Warner Bros.,90000000.0,R,151.0,Crime Drama Thriller
514.0,What Lies Beneath ,291420000.0,DreamWorks Distribution,100000000.0,PG-13,130.0,Drama Fantasy Horror Mystery Thriller
515.0,Pacific Rim: Uprising ,290930000.0,Universal Pictures,150000000.0,PG-13,111.0,Action Adventure Sci-Fi
516.0,The Bourne Supremacy ,290835000.0,Universal Pictures,75000000.0,PG-13,108.0,Action Mystery Thriller
517.0,Sex and the City 2 ,290745000.0,Warner Bros.,100000000.0,R,146.0,Comedy Drama Romance
518.0,Shakespeare in Love ,289318000.0,Miramax,25000000.0,R,123.0,Comedy Drama History Romance
519.0,Divergent ,288886000.0,Lionsgate,85000000.0,PG-13,139.0,Action Adventure Mystery Sci-Fi
520.0,Coming to America ,288752000.0,Paramount Pictures,,,116.0,Comedy Romance
521.0,Wedding Crashers ,288468000.0,New Line Cinema,40000000.0,R,119.0,Comedy Romance
522.0,Bridesmaids ,288384000.0,Universal Pictures,32500000.0,R,125.0,Comedy Romance
523.0,Maze Runner: The Death Cure ,288175000.0,Twentieth Century Fox,62000000.0,PG-13,143.0,Action Adventure Sci-Fi Thriller
524.0,Casper ,287928000.0,Universal Pictures,,PG,100.0,Comedy Family Fantasy
525.0,American Pie 2 ,287554000.0,Universal Pictures,30000000.0,R,108.0,Comedy
526.0,Knives Out ,287429000.0,Lionsgate,40000000.0,PG-13,131.0,Comedy Crime Drama Mystery Thriller
527.0,Pitch Perfect 2 ,287144000.0,Universal Pictures,29000000.0,PG-13,115.0,Comedy Music
528.0,Knowing ,287047000.0,,,PG-13,121.0,Action Drama Mystery Sci-Fi Thriller
529.0,The Green Mile ,286801000.0,Warner Bros.,60000000.0,R,189.0,Crime Drama Fantasy Mystery
530.0,Oblivion ,286169000.0,Universal Pictures,120000000.0,PG-13,124.0,Action Adventure Sci-Fi
531.0,Elysium ,286141000.0,TriStar Pictures,115000000.0,R,109.0,Action Drama Sci-Fi
532.0,Lethal Weapon 4 ,285445000.0,Warner Bros.,140000000.0,R,127.0,Action Crime Thriller
533.0,John Carter ,284139000.0,Walt Disney Studios Motion Pictures,250000000.0,PG-13,132.0,Action Adventure Sci-Fi
534.0,Paddington ,282839000.0,,55000000.0,PG,95.0,Adventure Comedy Family Fantasy
535.0,Turbo ,282571000.0,Twentieth Century Fox,135000000.0,PG,96.0,Adventure Animation Comedy Family Sci-Fi Sport
536.0,Bridget Jones's Diary ,281930000.0,Miramax,25000000.0,R,97.0,Comedy Drama Romance
537.0,The Tourist ,278780000.0,Sony Pictures Releasing,100000000.0,PG-13,103.0,Action Adventure Crime Mystery Romance Thriller
538.0,Split ,278454000.0,Universal Pictures,9000000.0,PG-13,117.0,Horror Thriller
539.0,Scary Movie ,278020000.0,Miramax,19000000.0,R,88.0,Comedy
540.0,xXx ,277448000.0,Revolution Studios,70000000.0,PG-13,124.0,Action Adventure Thriller
541.0,The Bourne Legacy ,276145000.0,Universal Pictures,125000000.0,PG-13,135.0,Action Adventure Thriller
542.0,Mr. Peabody & Sherman ,275698000.0,Twentieth Century Fox,145000000.0,PG,92.0,Adventure Animation Comedy Family Sci-Fi
543.0,Scooby-Doo ,275651000.0,Warner Bros.,84000000.0,PG,86.0,Adventure Comedy Family Fantasy Mystery
544.0,Lincoln ,275293000.0,Walt Disney Studios Motion Pictures,65000000.0,PG-13,150.0,Biography Drama History War
545.0,Lara Croft: Tomb Raider ,274703000.0,Paramount Pictures,115000000.0,PG-13,100.0,Action Adventure Fantasy Thriller
546.0,Tomb Raider ,274651000.0,Warner Bros.,94000000.0,PG-13,119.0,Action Adventure Fantasy Thriller
547.0,The Expendables ,274470000.0,Lionsgate,80000000.0,R,103.0,Action Adventure Thriller
548.0,Cloudy with a Chance of Meatballs 2 ,274326000.0,Sony Pictures Releasing,78000000.0,PG,95.0,Adventure Animation Comedy Family Fantasy Sci-Fi
549.0,The Little Mermaid ,274176000.0,Walt Disney Studios Motion Pictures,,,83.0,Animation Family Fantasy Musical Romance
550.0,The Nutty Professor ,273961000.0,Universal Pictures,54000000.0,PG-13,95.0,Comedy Romance Sci-Fi
551.0,Jerry Maguire ,273553000.0,Sony Pictures Releasing,50000000.0,R,139.0,Comedy Drama Romance Sport
552.0,Bad Boys II ,273340000.0,Sony Pictures Releasing,130000000.0,R,147.0,Action Comedy Crime Thriller
553.0,Lilo & Stitch ,273144000.0,Walt Disney Studios Motion Pictures,80000000.0,PG,85.0,Adventure Animation Comedy Drama Family Fantasy Sci-Fi
554.0,The Silence of the Lambs ,272754000.0,Orion Pictures,19000000.0,,118.0,Crime Drama Thriller
555.0,Grown Ups ,271430000.0,Sony Pictures Releasing,80000000.0,PG-13,102.0,Comedy
556.0,Neighbors ,270665000.0,Universal Pictures,18000000.0,R,97.0,Comedy
557.0,The Firm ,270248000.0,Paramount Pictures,,R,154.0,Drama Mystery Thriller
558.0,We're the Millers ,269994000.0,Warner Bros.,37000000.0,R,110.0,Comedy Crime
559.0,Gran Torino ,269958000.0,Warner Bros.,33000000.0,R,116.0,Drama
560.0,"10,000 BC ",269784000.0,Warner Bros.,105000000.0,PG-13,109.0,Action Adventure Drama Fantasy History
561.0,American Gangster ,269755000.0,Universal Pictures,100000000.0,R,157.0,Biography Crime Drama Thriller
562.0,Epic ,268427000.0,Twentieth Century Fox,100000000.0,PG,102.0,Adventure Animation Family Fantasy Mystery Thriller
563.0,Exodus: Gods and Kings ,268176000.0,Twentieth Century Fox,140000000.0,PG-13,150.0,Action Drama Fantasy
564.0,Bambi ,267447000.0,RKO Radio Pictures,,,70.0,Animation Drama Family
565.0,The Princess and the Frog ,267046000.0,Walt Disney Studios Motion Pictures,105000000.0,,97.0,Adventure Animation Comedy Family Fantasy Musical Romance
566.0,Batman Returns ,266903000.0,Warner Bros.,80000000.0,PG-13,126.0,Action Crime Fantasy
567.0,Indecent Proposal ,266614000.0,Paramount Pictures,,R,117.0,Drama Romance
568.0,Something's Gotta Give ,265329000.0,Sony Pictures Releasing,80000000.0,PG-13,128.0,Comedy Drama Romance
569.0,Bridget Jones: The Edge of Reason ,265127000.0,Universal Pictures,40000000.0,R,108.0,Comedy Drama Romance
570.0,The Incredible Hulk ,264771000.0,Universal Pictures,150000000.0,PG-13,112.0,Action Adventure Sci-Fi
571.0,Waterworld ,264218000.0,Universal Pictures,175000000.0,PG-13,135.0,Action Adventure Sci-Fi
572.0,The Truman Show ,264118000.0,Paramount Pictures,,PG,103.0,Comedy Drama Sci-Fi
573.0,Charlie's Angels ,264106000.0,Sony Pictures Releasing,93000000.0,PG-13,98.0,Action Adventure Comedy Crime Thriller
574.0,The Fifth Element ,264030000.0,Sony Pictures Releasing,,PG-13,126.0,Action Adventure Sci-Fi
575.0,Jumanji ,262822000.0,Sony Pictures Releasing,65000000.0,PG,104.0,Adventure Comedy Family Fantasy
576.0,Borat: Cultural Learnings of America for Make Benefit Glorious Nation of Kazakhstan ,262553000.0,Twentieth Century Fox,18000000.0,R,84.0,Comedy
577.0,Robots ,262511000.0,Twentieth Century Fox,75000000.0,PG,91.0,Adventure Animation Comedy Family Sci-Fi
578.0,Knight and Day ,261990000.0,,,PG-13,109.0,Action Adventure Comedy
579.0,Total Recall ,261318000.0,Sony Pictures Releasing,65000000.0,,113.0,Action Sci-Fi Thriller
580.0,This Is It ,261184000.0,Sony Pictures Releasing,,PG,111.0,Documentary Drama Music
581.0,Terminator: Dark Fate ,261119000.0,Paramount Pictures,185000000.0,R,128.0,Action Adventure Sci-Fi
582.0,Blade Runner 2049 ,260512000.0,Warner Bros.,150000000.0,R,164.0,Action Drama Mystery Sci-Fi Thriller
583.0,The Lone Ranger ,260502000.0,Walt Disney Studios Motion Pictures,215000000.0,PG-13,150.0,Action Adventure Comedy Thriller War Western
584.0,Super 8 ,260096000.0,Paramount Pictures,50000000.0,PG-13,112.0,Action Mystery Sci-Fi Thriller
585.0,Mojin - The Lost Legend ,259368000.0,Well Go USA Entertainment,37000000.0,,127.0,Action Adventure Drama Fantasy Horror Mystery Thriller
586.0,Charlie's Angels: Full Throttle ,259176000.0,Sony Pictures Releasing,120000000.0,PG-13,106.0,Action Adventure Comedy Crime
587.0,Rush Hour 3 ,258097000.0,New Line Cinema,140000000.0,PG-13,91.0,Action Comedy Crime Thriller
588.0,The Full Monty ,257939000.0,Fox Searchlight Pictures,3500000.0,R,91.0,Comedy Drama
589.0,Kung Fu Yoga ,257743000.0,Well Go USA Entertainment,65000000.0,,107.0,Action Adventure Comedy Fantasy Mystery
590.0,Annabelle ,257048000.0,Warner Bros.,6500000.0,R,99.0,Horror Mystery Thriller
591.0,The Village ,256698000.0,Walt Disney Studios Motion Pictures,60000000.0,PG-13,108.0,Drama Mystery Thriller
592.0,Lost in Hong Kong ,256284000.0,Well Go USA Entertainment,,,114.0,Action Adventure Comedy Crime Romance
593.0,Erin Brockovich ,256271000.0,Universal Pictures,52000000.0,R,131.0,Biography Drama
594.0,Pegasus ,95871.0,,,,,Comedy Sport
595.0,Marley & Me ,255743000.0,Twentieth Century Fox,,PG,115.0,Comedy Drama Family
596.0,Halloween ,255485000.0,Universal Pictures,10000000.0,R,106.0,Horror Thriller
597.0,Get Out ,255414000.0,Universal Pictures,4500000.0,R,104.0,Horror Mystery Thriller
598.0,Us ,255106000.0,Universal Pictures,20000000.0,R,116.0,Horror Mystery Thriller
599.0,Cliffhanger ,255000000.0,TriStar Pictures,70000000.0,R,113.0,Action Adventure Thriller
600.0,Baahubali 2: The Conclusion ,254158000.0,Great India Films,,,167.0,Action Drama
